{"initial_reset_timestamp": 1601201736.4423838, "timestamps": [1601201806.9427478], "episode_lengths": [1630], "episode_rewards": [21.0], "episode_types": ["t"]}